rank,url,title,abstract,body,lang_hint,author,journal,published_at,doi,quality_type,score_title,score_abstract,score_body,score_embed,score_bm25,score,cluster_id
1,https://example.com/cat_light_2019/?utm_medium=organic&utm_campaign=research,Influence de la √©clairage sur le sommeil du chat domestique,Les f√©lins poss√®dent une vision adapt√©e √† la faible luminosit√© g√¢rce √† leurs b√¢tonnets et √† leur couche r√©fl√©chissante. Nous documentons les m√©canismes cellulaires sous-jacents √† cette adaptation remarquable.,"La phototransduction f√©line s'adapte rapidement aux transitions clair-obscur. Nous observons une modulation du rythme circadien sous √©clairage LED, notamment en pr√©sence de spectres bleus (‚âà470 nm). Contexte: L'√©clairage artificiel moderne peut perturber les rythmes biologiques naturels des f√©lins. M√©thodologie: Dix chats ont √©t√© expos√©s √† trois conditions lumineuses: lumi√®re naturelle, LED blanc chaud (3000K), et LED blanc froid (6500K). Des pr√©l√®vements sanguins horaires ont quantifi√© la m√©latonine. Observations: L'exposition aux LED froides retarde la s√©cr√©tion de m√©latonine de 90 minutes en moyenne. Les enregistrements comportementaux montrent un d√©calage significatif des pics d'activit√© (p<0.001). Implications: Les propri√©taires devraient privil√©gier un √©clairage chaud le soir pour respecter le cycle naturel.",fr,M. Moreau,√âthologie Compar√©e,2022-02-01,,near_duplicate,0.9367121458053589,0.9005391001701355,0.9196649789810181,0.922450840473175,32.464167633985205,0.020339309812994023,3
2,https://testsite.net/cat_light_2011/,Comportement des chats au soleil,"Les zones de repos pr√©f√©r√©es par les chats domestiques sont significativement corr√©l√©es avec l'exposition solaire directe, sugg√©rant une thermor√©gulation comportementael associ√©e √† la lumi√®re.","Le tapetum lucidum, structure multicouche situ√©e dans le fond de l'≈ìil, fonctionne comme un miroir biologique. Compos√© de cellules contenant des cristaux de riboflavine et de zinc, il r√©fl√©chit s√©lectivement les longueurs d'onde entre 450 et 550 nm. Mesures spectrophotom√©triques: l'efficacit√© de r√©flexion atteint 90% dans le pic de sensibilit√© des b√¢tonnets. Cette adaptation double effectivement la probabilit√© qu'un photon soit capt√©. Effet secondaire: la diffusion lumineuse r√©duit l√©g√®rement l'acuit√© visuelle. Les chats voient donc moins net que les humains en plein jour (acuit√©: 20/100 vs 20/20), mais cette perte est n√©gligeable dans leur niche √©cologique cr√©pusculaire. Variations individuelles: la couleur du reflet (vert, jaune, orange) d√©pend de la composition exacte du tapetum et peut servir d'identification.",fr,L. Dubois,Revue V√©t√©rinaire Moderne,2025-11-13,,near_duplicate,0.9274583458900452,0.8991531133651733,0.8860095739364624,0.9106770157814026,33.61282351584957,0.017073525138041265,3
3,https://www.example.com/cat_light_121?utm_campaign=testA,Photorecepteurs f√©lins: r√¥les et distribution r√©tinienne,L'influence de la lumi√®re lunaire sur le comportement de chasse nocturne a √©t√© document√©e par t√©l√©m√©trie GPS coupl√©e √† des capteurs d'acc√©l√©ration sur 30 chats semi-sauvages.,"La phototransduction f√©line s'adapte rapidement aux transitions clair-obscur. Nous observons une modulation du rythme circadien sous √©clairage LED, notamment en pr√©sence de spectres bleus (‚âà470 nm). Contexte: L'√©clairage artificiel moderne peut perturber les rythmes biologiques naturels des f√©lins. M√©thodologie: Dix chats ont √©t√© expos√©s √† trois conditions lumineuses: lumi√®re naturelle, LED blanc chaud (3000K), et LED blanc froid (6500K). Des pr√©l√®vements sanguins horaires ont quantifi√© la m√©latonine. Observations: L'exposition aux LED froides retarde la s√©cr√©tion de m√©latonine de 90 minutes en moyenne. Les enregistrements comportementaux montrent un d√©calage significatif des pics d'activit√© (p<0.001). Implications: Les propri√©taires devraient privil√©gier un √©clairage chaud le soir pour respecter le cycle naturel.",fr,Q. Michel,Recherche en Ophtalmologie,2019-01-20,,normal,0.8944764137268066,0.893775463104248,0.9196649789810181,0.8993039131164551,41.03691732407703,0.02133749674733281,1
4,https://testsite.net/cat_light_55?utm_source=referral&utm_medium=organic,Les chats et la lumi√®re naturelle,"Le tapetum lucidum, structure r√©flective situ√©e derri√®re la r√©tine f√©line, augmente la sensibilit√© lumineuse d'un facteur six. Cette √©tude examine sa composition biochimique et son efficacit√© spectrale.","La r√©tine f√©line contient une proportion exceptionnelle de photor√©cepteurs adapt√©s √† la vision nocturne. Les b√¢tonnets repr√©sentent 96% des photor√©cepteurs, contre 95% chez l'humain, mais avec une densit√© absolue bien sup√©rieure. Les c√¥nes, bien que minoritaires, permettent une vision dichromatique avec deux types: c√¥nes S (sensibles au bleu, pic √† 450 nm) et c√¥nes M (sensibles au vert, pic √† 550 nm). L'absence de c√¥nes L explique la perception limit√©e des rouges. Des exp√©riences comportementales de discrimination color√©e confirment que les chats distinguent le bleu du vert mais confondent rouge et vert. Cette configuration optimise la d√©tection de mouvements en faible luminosit√© au d√©triment de la richesse chromatique.La r√©tine f√©line contient une proportion exceptionnelle de photor√©cepteurs adapt√©s √† la vision nocturne. Les b√¢tonnets repr√©sentent 96% des photor√©cepteurs, contre 95% chez l'humain, mais avec une densit√© absolue bien sup√©rieure. Les c√¥nes, bien que minoritaires, permettent une vision dichromatique avec deux types: c√¥nes S (sensibles au bleu, pic √† 450 nm) et c√¥nes M (sensibles au vert, pic √† 550 nm). L'absence de c√¥nes L explique la perception limit√©e des rouges. Des exp√©riences comportementales de discrimination color√©e confirment que les chats distinguent le bleu du vert mais confondent rouge et vert. Cette configuration optimise la d√©tection de mouvements en faible luminosit√© au d√©triment de la richesse chromatique.La r√©tine f√©line contient une proportion exceptionnelle de photor√©cepteurs adapt√©s √† la vision nocturne. Les b√¢tonnets repr√©sentent 96% des photor√©cepteurs, contre 95% chez l'humain, mais avec une densit√© absolue bien sup√©rieure. Les c√¥nes, bien que minoritaires, permettent une vision dichromatique avec deux types: c√¥nes S (sensibles au bleu, pic √† 450 nm) et c√¥nes M (sensibles au vert, pic √† 550 nm). L'absence de c√¥nes L explique la perception limit√©e des rouges. Des exp√©riences comportementales de discrimination color√©e confirment que les chats distinguent le bleu du vert mais confondent rouge et vert. Cette configuration optimise la d√©tection de mouvements en faible luminosit√© au d√©triment de la richesse chromatique.",fr,N. Roux,√âtudes V√©t√©rinaires,2022-02-18,10.1234/cats.4302.55,normal,0.9249610900878906,0.8787035942077637,0.9018596410751343,0.9064635634422302,34.7689549416247,0.017361111111111112,3
5,https://testsite.net/cat_light_162?utm_source=search,Sensibilit√© spectrale et perception color√©e chez Felis catus,"L'exposition √† l'√©clairage artificiel nocturne perturbe la s√©cr√©tion de m√©latonine chez le chat domestique, avec des cons√©quences potentielles sur la r√©gulation du sommeil et le m√©tabolisme √©nerg√©tique.","Les yeux du chat, riches en b√¢tonnets, permettent une sensibilit√© accrue en faible lumi√®re. Le tapetum lucidum r√©fl√©chit la lumi√®re non absorb√©e. Les mesures actim√©triques indiquent une augmentation de l'activit√© cr√©pusculaire sous √©clairage ambiant r√©duit. Introduction: La vision f√©line repr√©sente une adaptation remarquable aux environnements nocturnes. Mat√©riel et m√©thodes: Nous avons suivi 25 chats domestiques (Felis catus) pendant 12 semaines avec des colliers actim√©triques et des cam√©ras infrarouges. R√©sultats: La densit√© de b√¢tonnets atteint 450,000 cellules/mm2 dans la zone centrale, soit 25 fois plus que chez l'humain. Le tapetum lucidum augmente la sensibilit√© d'un facteur 6 par r√©flexion des photons. Discussion: Ces adaptations expliquent pourquoi les chats sont particuli√®rement actifs au cr√©puscule et √† l'aube.",fr,W. Lefebvre,Optom√©trie V√©t√©rinaire,2019-06-23,,normal,0.9074081182479858,0.9072579145431519,0.9275408983230591,0.9113896489143372,33.318565155845896,0.017095265926358856,3
6,https://www.example.com/cat_light_150?utm_source=direct&utm_medium=referral,Impact de l'√©clairage artificiel sru le bien-√™tre du chat,La lumi√®re influence le cycle circadien et l'activit√© des chats domestiques. Cette recherche quantifie l'impact de diff√©rentes intensit√©s lumineuses sur les patterns d'activit√© diurnes et nocturnes.,"Des enregistrements polysomnographiques montrent une r√©duction du sommeil paradoxal apr√®s exposition √† la lumi√®re bleue le soir, avec une r√©cup√©ration partielle apr√®s 48 h d'obscurit√© contr√¥l√©e. Introduction: Le sommeil f√©lin comprend plusieurs phases dont le sommeil paradoxal (REM) est crucial. Protocole exp√©rimental: Huit chats adultes ont port√© des √©lectrodes EEG non invasives. Groupe contr√¥le: obscurit√© compl√®te apr√®s 20h. Groupe test: exposition √† lumi√®re bleue (470nm, 100 lux) de 20h √† 23h. R√©sultats quantitatifs: Le groupe test montre une r√©duction de 35% du temps en REM la premi√®re nuit (p=0.003), avec une latence d'endormissement augment√©e de 25 minutes. L'analyse spectrale r√©v√®le une suppression des ondes th√™ta (4-8 Hz). R√©cup√©ration: Apr√®s 48h d'obscurit√©, le sommeil REM revient √† 85% du niveau basal. Conclusion: La lumi√®re bleue perturbe significativement l'architecture du sommeil f√©lin.",fr,R. Girard,Vision et Perception,2021-08-20,,normal,0.9185211658477783,0.9238444566726685,0.9016842842102051,0.9167507886886597,33.73099911732211,0.01976246105919003,3
7,https://example.com/cat_light_95/?utm_source=search&utm_medium=referral&utm_campaign=science&article_id=95,Pr√©f√©rences lumineuses et zones de repos chez le chat domestique,"Cette √©tude explore la fa√ßon dont les chats r√©agissent aux variations de lumi√®re dans leur environnement, en analysant leurs pr√©f√©rences comportementales et leurs adaptations physiologiques.","Les yeux du chat, riches en b√¢tonnets, permettent une sensibilit√© accrue en faible lumi√®re. Le tapetum lucidum r√©fl√©chit la lumi√®re non absorb√©e. Les mesures actim√©triques indiquent une augmentation de l'activit√© cr√©pusculaire sous √©clairage ambiant r√©duit. Introduction: La vision f√©line repr√©sente une adaptation remarquable aux environnements nocturnes. Mat√©riel et m√©thodes: Nous avons suivi 25 chats domestiques (Felis catus) pendant 12 semaines avec des colliers actim√©triques et des cam√©ras infrarouges. R√©sultats: La densit√© de b√¢tonnets atteint 450,000 cellules/mm2 dans la zone centrale, soit 25 fois plus que chez l'humain. Le tapetum lucidum augmente la sensibilit√© d'un facteur 6 par r√©flexion des photons. Discussion: Ces adaptations expliquent pourquoi les chats sont particuli√®rement actifs au cr√©puscule et √† l'aube.",fr,U. Simon,Vision Nocturne,2021-09-26,,normal,0.9284316301345825,0.918667733669281,0.9275408983230591,0.9253243803977966,30.69436115993008,0.020742753623188406,-1
8,https://example.org/cat_light_86?utm_source=direct,Comportement des chats au soleil,"Les zones de repos pr√©f√©r√©es par les chats domestiques sont significativement corr√©l√©es avec l'exposition solaire directe, sugg√©rant une thermor√©gulation comportementale associ√©e √† la lumi√®re.","Le tapetum lucidum, structure multicouche situ√©e dans le fond de l'≈ìil, fonctionne comme un miroir biologique. Compos√© de cellules contenant des cristaux de riboflavine et de zinc, il r√©fl√©chit s√©lectivement les longueurs d'onde entre 450 et 550 nm. Mesures spectrophotom√©triques: l'efficacit√© de r√©flexion atteint 90% dans le pic de sensibilit√© des b√¢tonnets. Cette adaptation double effectivement la probabilit√© qu'un photon soit capt√©. Effet secondaire: la diffusion lumineuse r√©duit l√©g√®rement l'acuit√© visuelle. Les chats voient donc moins net que les humains en plein jour (acuit√©: 20/100 vs 20/20), mais cette perte est n√©gligeable dans leur niche √©cologique cr√©pusculaire. Variations individuelles: la couleur du reflet (vert, jaune, orange) d√©pend de la composition exacte du tapetum et peut servir d'identification.",fr,L. Dubois,Revue V√©t√©rinaire Moderne,2025-11-13,,normal,0.9274583458900452,0.8991172313690186,0.8860095739364624,0.910666286945343,33.61282351584957,0.01709090909090909,3
9,https://example.com/cat_light_38?utm_medium=organic&utm_campaign=campaignB&article_id=38,Influence de la lumi√®re lunaire sur le comportement nocturne des chats,"Les zones de repos pr√©f√©r√©es par les chats domestiques sont significativement corr√©l√©es avec l'exposition solaire directe, sugg√©rant une thermor√©gulation comportementale associ√©e √† la lumi√®re.","Le tapetum lucidum, structure multicouche situ√©e dans le fond de l'≈ìil, fonctionne comme un miroir biologique. Compos√© de cellules contenant des cristaux de riboflavine et de zinc, il r√©fl√©chit s√©lectivement les longueurs d'onde entre 450 et 550 nm. Mesures spectrophotom√©triques: l'efficacit√© de r√©flexion atteint 90% dans le pic de sensibilit√© des b√¢tonnets. Cette adaptation double effectivement la probabilit√© qu'un photon soit capt√©. Effet secondaire: la diffusion lumineuse r√©duit l√©g√®rement l'acuit√© visuelle. Les chats voient donc moins net que les humains en plein jour (acuit√©: 20/100 vs 20/20), mais cette perte est n√©gligeable dans leur niche √©cologique cr√©pusculaire. Variations individuelles: la couleur du reflet (vert, jaune, orange) d√©pend de la composition exacte du tapetum et peut servir d'identification.",fr,W. Lefebvre,Recherche en Ophtalmologie,2025-05-02,,normal,0.9479541778564453,0.8991172313690186,0.8860095739364624,0.9209142327308655,37.86931185497938,0.025793650793650792,1
10,http://example.com/cat_light_190?utm_source=email,Moudlation de l'activit√© f√©line par li'ntensit√© lumineuse,La lumi√®re influence le cycle circadien et l'activit√© des chats domestiques. Cette recherche quantifie l'impact de diff√©rentes intensit√©s lumineuses sur les patterns d'activit√© diurnes et nocturnes.,"Les yeux du chat, riches en b√¢tonnets, permettent une sensibilit√© accrue en faible lumi√®re. Le tapetum lucidum r√©fl√©chit la lumi√®re non absorb√©e. Les mesures actim√©triques indiquent une augmentation de l'activit√© cr√©pusculaire sous √©clairage ambiant r√©duit. Introduction: La vision f√©line repr√©sente une adaptation remarquable aux environnements nocturnes. Mat√©riel et m√©thodes: Nous avons suivi 25 chats domestiques (Felis catus) pendant 12 semaines avec des colliers actim√©triques et des cam√©ras infrarouges. R√©sultats: La densit√© de b√¢tonnets atteint 450,000 cellules/mm2 dans la zone centrale, soit 25 fois plus que chez l'humain. Le tapetum lucidum augmente la sensibilit√© d'un facteur 6 par r√©flexion des photons. Discussion: Ces adaptations expliquent pourquoi les chats sont particuli√®rement actifs au cr√©puscule et √† l'aube.",fr,J. Lefebvre,Adaptation Environnementale,2023-04-12,,normal,0.9161899089813232,0.9238444566726685,0.9275408983230591,0.9207565188407898,36.617619960947906,0.02458521870286576,-1
11,http://example.com/cat_light_165?ref=cats,Comportement des chats au soleil,Une exposition prolong√©e √† la lumi√®re bleue modifie l'architecture du sommeil chez le chat. Les enregistrements polysomnographiques r√©v√®lent des perturbations significatives du sommeil paradoxal.,"La r√©tine f√©line contient une proportion exceptionnelle de photor√©cepteurs adapt√©s √† la vision nocturne‚Üê. Les b√¢tonnets repr√©sentent 96% des photor√©cepteurs, contre 95% chez l'humain, mais avec une densit√© absolue bien sup√©rieure‚Üê. Les c√¥nes, bien que minoritaires, permettent une vision dichromatique avec deux types: c√¥nes S (sensibles au bleu, pic √† 450 nm) et c√¥nes M (sensibles au vert, pic √† 550 nm)‚Üê. L'absence de c√¥nes L explique la perception limit√©e des rouges‚Üê. Des exp√©riences comportementales de discrimination color√©e confirment que les chats distinguent le bleu du vert mais confondent rouge et vert‚Üê. Cette configuration optimise la d√©tection de mouvements en faible luminosit√© au d√©triment de la richesse chromatique‚Üê.",fr,A. Durand,√âcologie Comportementale,2018-05-31,,normal,0.9274583458900452,0.9009374976158142,0.8859086036682129,0.9111921787261963,38.52605706898175,0.02282608695652174,1
12,http://example.com/cat_light_26,Influence de la lumi√®re lunaire sur le comportement nocturne des chats,"Cette √©tude explore la fa√ßon dont les chats r√©agissent aux variations de lumi√®re dans leur environnement, en analysant leurs pr√©f√©rences comportementales et leurs adaptations physiologiques.","Le tapetum lucidum, structure multicouche situ√©e dans le fond de l'≈ìil, fonctionne comme un miroir biologique. Compos√© de cellules contenant des cristaux de riboflavine et de zinc, il r√©fl√©chit s√©lectivement les longueurs d'onde entre 450 et 550 nm. Mesures spectrophotom√©triques: l'efficacit√© de r√©flexion atteint 90% dans le pic de sensibilit√© des b√¢tonnets. Cette adaptation double effectivement la probabilit√© qu'un photon soit capt√©. Effet secondaire: la diffusion lumineuse r√©duit l√©g√®rement l'acuit√© visuelle. Les chats voient donc moins net que les humains en plein jour (acuit√©: 20/100 vs 20/20), mais cette perte est n√©gligeable dans leur niche √©cologique cr√©pusculaire. Variations individuelles: la couleur du reflet (vert, jaune, orange) d√©pend de la composition exacte du tapetum et peut servir d'identification.Le tapetum lucidum, structure multicouche situ√©e dans le fond de l'≈ìil, fonctionne comme un miroir biologique. Compos√© de cellules contenant des cristaux de riboflavine et de zinc, il r√©fl√©chit s√©lectivement les longueurs d'onde entre 450 et 550 nm. Mesures spectrophotom√©triques: l'efficacit√© de r√©flexion atteint 90% dans le pic de sensibilit√© des b√¢tonnets. Cette adaptation double effectivement la probabilit√© qu'un photon soit capt√©. Effet secondaire: la diffusion lumineuse r√©duit l√©g√®rement l'acuit√© visuelle. Les chats voient donc moins net que les humains en plein jour (acuit√©: 20/100 vs 20/20), mais cette perte est n√©gligeable dans leur niche √©cologique cr√©pusculaire. Variations individuelles: la couleur du reflet (vert, jaune, orange) d√©pend de la composition exacte du tapetum et peut servir d'identification.Le tapetum lucidum, structure multicouche situ√©e dans le fond de l'≈ìil, fonctionne comme un miroir biologique. Compos√© de cellules contenant des cristaux de riboflavine et de zinc, il r√©fl√©chit s√©lectivement les longueurs d'onde entre 450 et 550 nm. Mesures spectrophotom√©triques: l'efficacit√© de r√©flexion atteint 90% dans le pic de sensibilit√© des b√¢tonnets. Cette adaptation double effectivement la probabilit√© qu'un photon soit capt√©. Effet secondaire: la diffusion lumineuse r√©duit l√©g√®rement l'acuit√© visuelle. Les chats voient donc moins net que les humains en plein jour (acuit√©: 20/100 vs 20/20), mais cette perte est n√©gligeable dans leur niche √©cologique cr√©pusculaire. Variations individuelles: la couleur du reflet (vert, jaune, orange) d√©pend de la composition exacte du tapetum et peut servir d'identification.",fr,C. Roux,Comportement des Mammif√®res,2024-06-01,,normal,0.9479541778564453,0.918667733669281,0.8814007639884949,0.9258575439453125,34.17938488399679,0.024634110998406025,3
13,https://example.org/cat_light_112?utm_source=search&utm_medium=organic&tracking=true,Comportement des chats au soleil,"Cette √©tude explore la fa√ßon dont les chats r√©agissent aux variations de lumi√®re dans leur environnement, en analysant leurs pr√©f√©rences comportementales et leurs adaptations physiologiques.","La phototransduction f√©line s'adapte rapidement aux transitions clair-obscur. Nous observons une modulation du rythme circadien sous √©clairage LED, notamment en pr√©sence de spectres bleus (‚âà470 nm). Contexte: L'√©clairage artificiel moderne peut perturber les rythmes biologiques naturels des f√©lins. M√©thodologie: Dix chats ont √©t√© expos√©s √† trois conditions lumineuses: lumi√®re naturelle, LED blanc chaud (3000K), et LED blanc froid (6500K). Des pr√©l√®vements sanguins horaires ont quantifi√© la m√©latonine. Observations: L'exposition aux LED froides retarde la s√©cr√©tion de m√©latonine de 90 minutes en moyenne. Les enregistrements comportementaux montrent un d√©calage significatif des pics d'activit√© (p<0.001). Implications: Les propri√©taires devraient privil√©gier un √©clairage chaud le soir pour respecter le cycle naturel.",fr,N. Roux,Journal Fran√ßais de Neurosciences,2024-06-26,10.1234/cats.6632.112,normal,0.9274583458900452,0.918667733669281,0.9196649789810181,0.9232625365257263,33.311152585430015,0.02188034188034188,-1
14,https://example.org/cat_light_169?utm_campaign=campaignB,Effet de la lumi√®re bleue sur l'activit√© nocturne f√©line,Nous analysons le r√¥le de la lumi√®re sur la perception visuelle et comportementale du chat en utilisant des mesures comportementales et √©lectrophysiologiques combin√©es.,"Le tapetum lucidum, structure multicouche situ√©e dans le fond de l'≈ìil, fonctionne comme un miroir biologique. Compos√© de cellules contenant des cristaux de riboflavine et de zinc, il r√©fl√©chit s√©lectivement les longueurs d'onde entre 450 et 550 nm. Mesures spectrophotom√©triques: l'efficacit√© de r√©flexion atteint 90% dans le pic de sensibilit√© des b√¢tonnets. Cette adaptation double effectivement la probabilit√© qu'un photon soit capt√©. Effet secondaire: la diffusion lumineuse r√©duit l√©g√®rement l'acuit√© visuelle. Les chats voient donc moins net que les humains en plein jour (acuit√©: 20/100 vs 20/20), mais cette perte est n√©gligeable dans leur niche √©cologique cr√©pusculaire. Variations individuelles: la couleur du reflet (vert, jaune, orange) d√©pend de la composition exacte du tapetum et peut servir d'identification.",fr,J. Bernard,Physiologie Animale,2023-09-24,,normal,0.9376615285873413,0.915470540523529,0.8860095739364624,0.9206739068031311,34.27602953428502,0.021431828545371637,2
15,https://example.com/cat_light_42/?utm_medium=referral,Influence de la lumi√®re sur le sommeil du chat,Les f√©lins poss√®dent une vision adapt√©e √† la faible luminosit√© gr√¢ce √† leurs b√¢tonnets et √† leur tapetum lucidum. Nous documentons les m√©canismes cellulaires sous-jacents √† cette adaptation remarquable.,"La phototransduction f√©line s'adapte rapidement aux transitions clair-obscur. Nous observons une modulation du rythme circadien sous √©clairage LED, notamment en pr√©sence de spectres bleus (‚âà470 nm). Contexte: L'√©clairage artificiel moderne peut perturber les rythmes biologiques naturels des f√©lins. M√©thodologie: Dix chats ont √©t√© expos√©s √† trois conditions lumineuses: lumi√®re naturelle, LED blanc chaud (3000K), et LED blanc froid (6500K). Des pr√©l√®vements sanguins horaires ont quantifi√© la m√©latonine. Observations: L'exposition aux LED froides retarde la s√©cr√©tion de m√©latonine de 90 minutes en moyenne. Les enregistrements comportementaux montrent un d√©calage significatif des pics d'activit√© (p<0.001). Implications: Les propri√©taires devraient privil√©gier un √©clairage chaud le soir pour respecter le cycle naturel.",fr,M. Moreau,√âthologie Compar√©e,2022-02-01,,normal,0.9469966888427734,0.9017573595046997,0.9196649789810181,0.927958607673645,33.555809194121544,0.0248015873015873,3
16,http://example.com/cat_light_36/?utm_medium=social&ref=cats,R√©ponses comportementales aux variations de luminosit√© chez le chat,Nous analysons le r√¥le de la lumi√®re sur la perception visuelle et comportementale du chat en utilisant des mesures comportementales et √©lectrophysiologiques combin√©es.,"La phototransduction f√©line s'adapte rapidement aux transitions clair-obscur. Nous observons une modulation du rythme circadien sous √©clairage LED, notamment en pr√©sence de spectres bleus (‚âà470 nm). Contexte: L'√©clairage artificiel moderne peut perturber les rythmes biologiques naturels des f√©lins. M√©thodologie: Dix chats ont √©t√© expos√©s √† trois conditions lumineuses: lumi√®re naturelle, LED blanc chaud (3000K), et LED blanc froid (6500K). Des pr√©l√®vements sanguins horaires ont quantifi√© la m√©latonine. Observations: L'exposition aux LED froides retarde la s√©cr√©tion de m√©latonine de 90 minutes en moyenne. Les enregistrements comportementaux montrent un d√©calage significatif des pics d'activit√© (p<0.001). Implications: Les propri√©taires devraient privil√©gier un √©clairage chaud le soir pour respecter le cycle naturel.",fr,M. Petit,Neurosciences Appliqu√©es,2018-06-26,,normal,0.942288339138031,0.915470540523529,0.9196649789810181,0.9297183752059937,32.01827754362604,0.023485641204511104,-1
17,http://example.com/cat_light_10/?utm_medium=email&utm_campaign=research&article_id=10,Comportement des chats au soleil,"Les zones de repos pr√©f√©r√©es par les chats domestiques sont significativement corr√©l√©es avec l'exposition solaire directe, sugg√©rant une thermor√©gulation comportementale associ√©e √† la lumi√®re.","La phototransduction f√©line s'adapte rapidement aux transitions clair-obscur. Nous observons une modulation du rythme circadien sous √©clairage LED, notamment en pr√©sence de spectres bleus (‚âà470 nm). Contexte: L'√©clairage artificiel moderne peut perturber les rythmes biologiques naturels des f√©lins. M√©thodologie: Dix chats ont √©t√© expos√©s √† trois conditions lumineuses: lumi√®re naturelle, LED blanc chaud (3000K), et LED blanc froid (6500K). Des pr√©l√®vements sanguins horaires ont quantifi√© la m√©latonine. Observations: L'exposition aux LED froides retarde la s√©cr√©tion de m√©latonine de 90 minutes en moyenne. Les enregistrements comportementaux montrent un d√©calage significatif des pics d'activit√© (p<0.001). Implications: Les propri√©taires devraient privil√©gier un √©clairage chaud le soir pour respecter le cycle naturel.",fr,C. Roux,√âthologie Compar√©e,2019-12-09,10.1234/cats.8239.10,normal,0.9274583458900452,0.8991172313690186,0.9196649789810181,0.9173973798751831,33.22657547225381,0.019272926561929117,-1
18,http://example.com/cat_light_159,Pr√©f√©rences lumineuses et zones de repos chez le chat domestique,"Les zones de repos pr√©f√©r√©es par les chats domestiques sont significativement corr√©l√©es avec l'exposition solaire directe, sugg√©rant une thermor√©gulation comportementale associ√©e √† la lumi√®re.","Les yeux du chat, riches en b√¢tonnets, permettent une sensibilit√© accrue en faible lumi√®re. Le tapetum lucidum r√©fl√©chit la lumi√®re non absorb√©e. Les mesures actim√©triques indiquent une augmentation de l'activit√© cr√©pusculaire sous √©clairage ambiant r√©duit. Introduction: La vision f√©line repr√©sente une adaptation remarquable aux environnements nocturnes. Mat√©riel et m√©thodes: Nous avons suivi 25 chats domestiques (Felis catus) pendant 12 semaines avec des colliers actim√©triques et des cam√©ras infrarouges. R√©sultats: La densit√© de b√¢tonnets atteint 450,000 cellules/mm2 dans la zone centrale, soit 25 fois plus que chez l'humain. Le tapetum lucidum augmente la sensibilit√© d'un facteur 6 par r√©flexion des photons. Discussion: Ces adaptations expliquent pourquoi les chats sont particuli√®rement actifs au cr√©puscule et √† l'aube.",fr,M. Moreau,Sciences du Vivant,2022-11-04,,normal,0.9284316301345825,0.8991172313690186,0.9275408983230591,0.9194591641426086,30.853619637020252,0.017945865776789024,1
19,https://www.example.com/cat_light_196/?utm_campaign=research,Influence de la lumi√®re lunaire sur le comportement nocturne des chats,"L'exposition √† l'√©clairage artificiel nocturne perturbe la s√©cr√©tion de m√©latonine chez le chat domestique, avec des cons√©quences potentielles sur la r√©gulation du sommeil et le m√©tabolisme √©nerg√©tique.","La r√©tine f√©line contient une proportion exceptionnelle de photor√©cepteurs adapt√©s √† la vision nocturne. Les b√¢tonnets repr√©sentent 96% des photor√©cepteurs, contre 95% chez l'humain, mais avec une densit√© absolue bien sup√©rieure. Les c√¥nes, bien que minoritaires, permettent une vision dichromatique avec deux types: c√¥nes S (sensibles au bleu, pic √† 450 nm) et c√¥nes M (sensibles au vert, pic √† 550 nm). L'absence de c√¥nes L explique la perception limit√©e des rouges. Des exp√©riences comportementales de discrimination color√©e confirment que les chats distinguent le bleu du vert mais confondent rouge et vert. Cette configuration optimise la d√©tection de mouvements en faible luminosit√© au d√©triment de la richesse chromatique.",fr,N. Lef√®vre,Sciences Comportementales,2024-07-07,10.1234/cats.1190.196,normal,0.9479541778564453,0.9072579145431519,0.8859491348266602,0.9233443140983582,42.248226410033574,0.029906956136464335,2
20,https://example.org/cat_light_2022?utm_source=social&utm_medium=social&utm_campaign=promo2025&ref=cats,Adaptation ivsuelle du chat domestique domestique aux environnements faiblement√© clair√©s,L'influence de la lumi√®er lunaire sur le comportement de chasse nocturne a √©t√© document√©e par t√©l√©m√©trie GPS coupl√©e √† des capteurs d'acc√©l√©ration sur 30 chats semi-sauvages.,"Les yeux du chat, riches en b√¢tonnets, permettent une sensibilit√© accrue en faible lumi√®re. Le tapetum lucidum r√©fl√©chit la lumi√®re non absorb√©e. Les mesures actim√©triques indiquent une augmentation de l'activit√© cr√©pusculaire sous √©clairage ambiant r√©duit. Introduction: La vision f√©line repr√©sente une adaptation remarquable aux environnements nocturnes. Mat√©riel et m√©thodes: Nous avons suivi 25 chats domestiques (Felis catus) pendant 12 semaines avec des colliers actim√©triques et des cam√©ras infrarouges. R√©sultats: La densit√© de b√¢tonnets atteint 450,000 cellules/mm2 dans la zone centrale, soit 25 fois plus que chez l'humain. Le tapetum lucidum augmente la sensibilit√© d'un facteur 6 par r√©flexion des photons. Discussion: Ces adaptations expliquent pourquoi les chats sont particuli√®rement actifs au cr√©puscule et √† l'aube.",fr,Q. Michel,Chronobiologie Appliqu√©e,2023-01-24,,near_duplicate,0.9003586769104004,0.8876503705978394,0.9275408983230591,0.9019826650619507,38.075757626633376,0.020273738237810094,2
21,http://example.com/cat_light_10016,R√©ponses cmoportementales aux variations de luminosit√© chez le cat,"Les chats pr√©sentent une sensibilit√© spectrale maximale autour de 500 nm, avec une vision dichromatique limit√©e. Nous explorons comment cette perception color√©e influence le comportement de chasse.","La phototransduction f√©line s'adapte rapidement aux transitions clair-obscur. Nous observons une modulation du rythme circadien sous √©clairage LED, notamment en pr√©sence de spectres bleus (‚âà470 nm). Contexte: L'√©clairage artificiel moderne peut perturber les rythmes biologiques naturels des f√©lins. M√©thodologie: Dix chats ont √©t√© expos√©s √† trois conditions lumineuses: lumi√®re naturelle, LED blanc chaud (3000K), et LED blanc froid (6500K). Des pr√©l√®vements sanguins horaires ont quantifi√© la m√©latonine. Observations: L'exposition aux LED froides retarde la s√©cr√©tion de m√©latonine de 90 minutes en moyenne. Les enregistrements comportementaux montrent un d√©calage significatif des pics d'activit√© (p<0.001). Implications: Les propri√©taires devraient privil√©gier un √©clairage chaud le soir pour respecter le cycle naturel.",mixed,N. Lef√®vre,Physiologie Comportementale,2019-09-28,,multilingual,0.9304003715515137,0.9119725227355957,0.9196649789810181,0.9227249622344971,33.43283624939896,0.021682665160926033,-1
22,https://example.com/cat_light_27/?utm_source=email&tracking=true,Comportement des chats au osleil,"L'exposition √† l'√©clairage artificiel nocturne perturbe la s√©cr√©tion de m√©latonine chez le chat domestique, avec des cons√©quences potentielles sur la r√©gulation du sommeil et le m√©tabolisme √©nerg√©tique.","La phototransduction f√©line s'adapte rapidement aux transitions clair-obscur. Nous observons une modulation du rythme circadien sous √©clairage LED, notamment en pr√©sence de spectres bleus (‚âà470 nm). Contexte: L'√©clairage artificiel moderne peut perturber les rythmes biologiques naturels des f√©lins. M√©thodologie: Dix chats ont √©t√© expos√©s √† trois conditions lumineuses: lumi√®re naturelle, LED blanc chaud (3000K), et LED blanc froid (6500K). Des pr√©l√®vements sanguins horaires ont quantifi√© la m√©latonine. Observations: L'exposition aux LED froides retarde la s√©cr√©tion de m√©latonine de 90 minutes en moyenne. Les enregistrements comportementaux montrent un d√©calage significatif des pics d'activit√© (p<0.001). Implications: Les propri√©taires devraient privil√©gier un √©clairage chaud le soir pour respecter le cycle naturel.",fr,N. Lef√®vre,√âcologie Comportementale,2021-11-05,,normal,0.9075979590415955,0.9072579145431519,0.9196649789810181,0.9099093675613403,36.10348632870991,0.019638721630384437,3
23,https://www.example.com/cat_light_100/?utm_source=newsletter,Les chats et la lumi√®re naturelle,L'adaptation des photor√©cepteurs f√©lins aux environnements nocturnes repr√©sente un mod√®le √©volutif fascinant. Nous caract√©risons la distribution spatiale des c√¥nes et b√¢tonnets dans la r√©tine centrale et p√©riph√©rique.,"La r√©tine f√©line contient une proportion exceptionnelle de photor√©cepteurs adapt√©s √† la vision nocturne. Les b√¢tonnets repr√©sentent 96% des photor√©cepteurs, contre 95% chez l'humain, mais avec une densit√© absolue bien sup√©rieure. Les c√¥nes, bien que minoritaires, permettent une vision dichromatique avec deux types: c√¥nes S (sensibles au bleu, pic √† 450 nm) et c√¥nes M (sensibles au vert, pic √† 550 nm). L'absence de c√¥nes L explique la perception limit√©e des rouges. Des exp√©riences comportementales de discrimination color√©e confirment que les chats distinguent le bleu du vert mais confondent rouge et vert. Cette configuration optimise la d√©tection de mouvements en faible luminosit√© au d√©triment de la richesse chromatique.",fr,J. Lefebvre,√âthologie Compar√©e,2025-01-29,,normal,0.9249610900878906,0.8933757543563843,0.8859491348266602,0.9076831340789795,35.69257383351592,0.018847194050033808,1
24,http://example.com/cat_light_10029/?utm_source=newsletter,Tapetum lucidum et vision cr√©pusculaire du cat,"Les chats pr√©sentent une sensibilit√© spectrale maximale autour de 500 nm, avec une vision dichromatique limit√©e. Nous explorons comment cette perception color√©e influence le comportement de chasse.","La r√©tine f√©line contient une proportion exceptionnelle de photor√©cepteurs adapt√©s √† la vision nocturne. Les b√¢tonnets repr√©sentent 96% des photor√©cepteurs, contre 95% chez l'humain, mais avec une densit√© absolue bien sup√©rieure. Les c√¥nes, bien que minoritaires, permettent une vision dichromatique avec deux types: c√¥nes S (sensibles au bleu, pic √† 450 nm) et c√¥nes M (sensibles au vert, pic √† 550 nm). L'absence de c√¥nes L explique la perception limit√©e des rouges. Des exp√©riences comportementales de discrimination color√©e confirment que les chats distinguent le bleu du vert mais confondent rouge et vert. Cette configuration optimise la d√©tection de mouvements en faible luminosit√© au d√©triment de la richesse chromatique.",mixed,L. Dubois,√âcologie Comportementale,2021-10-07,10.1234/cats.8614.10029,multilingual,0.9026508331298828,0.9119725227355957,0.8859491348266602,0.9021070003509521,35.42194152946361,0.01713520749665328,-1
25,https://example.com/cat_light_107?utm_medium=referral,Rythme circadien et exposition lumineuse chez Felis catus,"Les chats pr√©sentent une sensibilit√© spectrale maximale autour de 500 nm, avec une vision dichromatique limit√©e. Nous explorons comment cette perception color√©e influence le comportement de chasse.","La r√©tine f√©line contient une proportion exceptionnelle de photor√©cepteurs adapt√©s √† la vision nocturne. Les b√¢tonnets repr√©sentent 96% des photor√©cepteurs, contre 95% chez l'humain, mais avec une densit√© absolue bien sup√©rieure. Les c√¥nes, bien que minoritaires, permettent une vision dichromatique avec deux types: c√¥nes S (sensibles au bleu, pic √† 450 nm) et c√¥nes M (sensibles au vert, pic √† 550 nm). L'absence de c√¥nes L explique la perception limit√©e des rouges. Des exp√©riences comportementales de discrimination color√©e confirment que les chats distinguent le bleu du vert mais confondent rouge et vert. Cette configuration optimise la d√©tection de mouvements en faible luminosit√© au d√©triment de la richesse chromatique.",fr,W. Lefebvre,Animaux de Compagnie,2022-07-10,,normal,0.9192557334899902,0.9119725227355957,0.8859491348266602,0.9104094505310059,35.25643968523393,0.018925518925518928,1
26,https://example.org/cat_light_147/?utm_source=newsletter&utm_medium=referral&utm_campaign=science,Influence de la lumi√®re lunaire sur le comportement nocturne des chats,"Cette √©tude explore la fa√ßon dont les chats r√©agissent aux variations de lumi√®re dans leur environnement, en analysant leurs pr√©f√©rences comportementales et leurs adaptations physiologiques.","Le tapetum lucidum, structure multicouche situ√©e dans le fond de l'≈ìil, fonctionne comme un miroir biologique. Compos√© de cellules contenant des cristaux de riboflavine et de zinc, il r√©fl√©chit s√©lectivement les longueurs d'onde entre 450 et 550 nm. Mesures spectrophotom√©triques: l'efficacit√© de r√©flexion atteint 90% dans le pic de sensibilit√© des b√¢tonnets. Cette adaptation double effectivement la probabilit√© qu'un photon soit capt√©. Effet secondaire: la diffusion lumineuse r√©duit l√©g√®rement l'acuit√© visuelle. Les chats voient donc moins net que les humains en plein jour (acuit√©: 20/100 vs 20/20), mais cette perte est n√©gligeable dans leur niche √©cologique cr√©pusculaire. Variations individuelles: la couleur du reflet (vert, jaune, orange) d√©pend de la composition exacte du tapetum et peut servir d'identification.",fr,N. Lef√®vre,Recherche en Physiologie,2019-01-08,,normal,0.9479541778564453,0.918667733669281,0.8860095739364624,0.9267793297767639,37.75689922748021,0.028850145288501453,2
27,https://example.org/cat_light_115?utm_source=referral&ref=cats,Impact de l'√©clairage artificiel sur el bien-√™tre du chat,La lumi√®re influence le cycle circadien et l'activit√© des chats domestiques. Cette recherche quantifie l'impact de diff√©rentes intensit√©s lumineuses sur les patterns d'activit√© diurnes et nocturnes.,"La phototransduction f√©line s'adapte rapidement aux transitions clair-obscur. Nous observons une modulation du rythme circadien sous √©clairage LED, notamment en pr√©sence de spectres bleus (‚âà470 nm). Contexte: L'√©clairage artificiel moderne peut perturber les rythmes biologiques naturels des f√©lins. M√©thodologie: Dix chats ont √©t√© expos√©s √† trois conditions lumineuses: lumi√®re naturelle, LED blanc chaud (3000K), et LED blanc froid (6500K). Des pr√©l√®vements sanguins horaires ont quantifi√© la m√©latonine. Observations: L'exposition aux LED froides retarde la s√©cr√©tion de m√©latonine de 90 minutes en moyenne. Les enregistrements comportementaux montrent un d√©calage significatif des pics d'activit√© (p<0.001). Implications: Les propri√©taires devraient privil√©gier un √©clairage chaud le soir pour respecter le cycle naturel.",fr,L. Dubois,Biologie Cellulaire,2024-10-12,,normal,0.9322484135627747,0.9238444566726685,0.9196649789810181,0.9272105693817139,36.83706626722878,0.029138513513513514,-1
28,http://example.com/cat_light_158/?utm_source=search&utm_medium=referral&utm_campaign=academic,Architecture du sommeil f√©lin sous diff√©rents r√©gimes lumineux,L'influence de la lumi√®re lunaire sur le comportement de chasse nocturne a √©t√© document√©e par t√©l√©m√©trie GPS coupl√©e √† des capteurs d'acc√©l√©ration sur 30 chats semi-sauvages.,"Le tapetum lucidum, structure multicouche situ√©e dans le fond de l'≈ìil, fonctionne comme un miroir biologique. Compos√© de cellules contenant des cristaux de riboflavine et de zinc, il r√©fl√©chit s√©lectivement les longueurs d'onde entre 450 et 550 nm. Mesures spectrophotom√©triques: l'efficacit√© de r√©flexion atteint 90% dans le pic de sensibilit√© des b√¢tonnets. Cette adaptation double effectivement la probabilit√© qu'un photon soit capt√©. Effet secondaire: la diffusion lumineuse r√©duit l√©g√®rement l'acuit√© visuelle. Les chats voient donc moins net que les humains en plein jour (acuit√©: 20/100 vs 20/20), mais cette perte est n√©gligeable dans leur niche √©cologique cr√©pusculaire. Variations individuelles: la couleur du reflet (vert, jaune, orange) d√©pend de la composition exacte du tapetum et peut servir d'identification.",fr,F. Andr√©,√âtudes V√©t√©rinaires,2020-08-24,,normal,0.9108465909957886,0.893775463104248,0.8860095739364624,0.9007578492164612,36.42486713571152,0.018340046029919448,-1
29,https://www.example.com/cat_light_10017/?utm_source=direct&utm_medium=social&article_id=10017,Architecture du sommeil f√©lin sous diff√©rents r√©gimes lumineux,"L'exposition √† l'√©clairage artificiel nocturne perturbe la s√©cr√©tion de m√©latonine chez le chat domestique, avec des cons√©quences potentielles sur la r√©gulation du sommeil et le m√©tabolisme √©nerg√©tique.","Les yeux du cat, riches en b√¢tonnets, permettent une sensibilit√© accrue en faible light. Le tapetum lucidum r√©fl√©chit la lumi√®re non absorb√©e. Les mesures actim√©triques indiquent une augmentation de l'activit√© cr√©pusculaire sous √©clairage ambiant r√©duit. Introduction: La vision f√©line repr√©sente une adaptation remarquable aux environnements nocturnes. Mat√©riel et m√©thodes: Nous avons suivi 25 cats domestiques (Felis catus) pendant 12 semaines avec des colliers actim√©triques et des cam√©ras infrarouges. R√©sultats: La densit√© de b√¢tonnets atteint 450,000 cellules/mm2 dans la zone centrale, soit 25 fois plus que chez l'humain. Le tapetum lucidum augmente la sensibilit√© d'un facteur 6 par r√©flexion des photons. Discussion: Ces adaptations expliquent pourquoi les chats sont particuli√®rement actifs au cr√©puscule et √† l'aube.",mixed,E. Girard,√âtudes V√©t√©rinaires,2025-07-28,,multilingual,0.9108465909957886,0.9072579145431519,0.9259557723999023,0.9127918481826782,33.18831438415166,0.017424242424242425,-1
30,https://www.example.com/cat_light_148/,Photorecepteurs f√©lins: r√¥les et distribution r√©tinienne,"La photop√©riode saisonni√®re affecte le pelage, le comportement reproducteur et les niveaux d'activit√© chez les f√©lins. Cette recherche longitudinale suit 50 chats sur 24 mois.","Les yeux du chat, riches en b√¢tonnets, permettent une sensibilit√© accrue en faible lumi√®re. Le tapetum lucidum r√©fl√©chit la lumi√®re non absorb√©e. Les mesures actim√©triques indiquent une augmentation de l'activit√© cr√©pusculaire sous √©clairage ambiant r√©duit. Introduction: La vision f√©line repr√©sente une adaptation remarquable aux environnements nocturnes. Mat√©riel et m√©thodes: Nous avons suivi 25 chats domestiques (Felis catus) pendant 12 semaines avec des colliers actim√©triques et des cam√©ras infrarouges. R√©sultats: La densit√© de b√¢tonnets atteint 450,000 cellules/mm2 dans la zone centrale, soit 25 fois plus que chez l'humain. Le tapetum lucidum augmente la sensibilit√© d'un facteur 6 par r√©flexion des photons. Discussion: Ces adaptations expliquent pourquoi les chats sont particuli√®rement actifs au cr√©puscule et √† l'aube.",fr,Q. Michel,Recherche en Physiologie,2025-02-14,,normal,0.8944764137268066,0.8935028910636902,0.9275408983230591,0.9007973074913025,40.980529413404994,0.02137212643678161,1
31,https://example.org/cat_light_108/?utm_medium=social&utm_campaign=campaignB,Vision nocturne des f√©lins,Les f√©lins poss√®dent une vision adapt√©e √† la faible luminosit√© gr√¢ce √† leurs b√¢tonnets et √† leur tapetum lucidum. Nous documentons les m√©canismes cellulaires sous-jacents √† cette adaptation remarquable.,"Les yeux du chat, riches en b√¢tonnets, permettent une sensibilit√© accrue en faible lumi√®re. Le tapetum lucidum r√©fl√©chit la lumi√®re non absorb√©e. Les mesures actim√©triques indiquent une augmentation de l'activit√© cr√©pusculaire sous √©clairage ambiant r√©duit. Introduction: La vision f√©line repr√©sente une adaptation remarquable aux environnements nocturnes. Mat√©riel et m√©thodes: Nous avons suivi 25 chats domestiques (Felis catus) pendant 12 semaines avec des colliers actim√©triques et des cam√©ras infrarouges. R√©sultats: La densit√© de b√¢tonnets atteint 450,000 cellules/mm2 dans la zone centrale, soit 25 fois plus que chez l'humain. Le tapetum lucidum augmente la sensibilit√© d'un facteur 6 par r√©flexion des photons. Discussion: Ces adaptations expliquent pourquoi les chats sont particuli√®rement actifs au cr√©puscule et √† l'aube.",fr,M. Moreau,Optique et Vision Animale,2020-07-23,10.1234/cats.6846.108,normal,0.9372333884239197,0.9017573595046997,0.9275408983230591,0.924652099609375,36.07347777951417,0.02591362126245847,1
32,https://example.com/cat_light_191?utm_source=referral&utm_medium=organic&utm_campaign=research,R√©ponses comportementales aux variations de luminosit√© chez le chat,"L'exposition √† l'√©clairage artificiel nocturne perturbe la s√©cr√©tion de m√©latonine chez le chat domestique, avec des cons√©quences potentielles sur la r√©gulation du sommeil et le m√©tabolisme √©nerg√©tique.","Des enregistrements polysomnographiques montrent une r√©duction du sommeil paradoxal apr√®s exposition √† la lumi√®re bleue le soir, avec une r√©cup√©ration partielle apr√®s 48 h d'obscurit√© contr√¥l√©e. Introduction: Le sommeil f√©lin comprend plusieurs phases dont le sommeil paradoxal (REM) est crucial. Protocole exp√©rimental: Huit chats adultes ont port√© des √©lectrodes EEG non invasives. Groupe contr√¥le: obscurit√© compl√®te apr√®s 20h. Groupe test: exposition √† lumi√®re bleue (470nm, 100 lux) de 20h √† 23h. R√©sultats quantitatifs: Le groupe test montre une r√©duction de 35% du temps en REM la premi√®re nuit (p=0.003), avec une latence d'endormissement augment√©e de 25 minutes. L'analyse spectrale r√©v√®le une suppression des ondes th√™ta (4-8 Hz). R√©cup√©ration: Apr√®s 48h d'obscurit√©, le sommeil REM revient √† 85% du niveau basal. Conclusion: La lumi√®re bleue perturbe significativement l'architecture du sommeil f√©lin.",fr,N. Lef√®vre,√âthologie Compar√©e,2024-09-27,,normal,0.942288339138031,0.9072579145431519,0.9016842842102051,0.9236583709716797,29.702892830390475,0.01944575657376791,-1
33,http://example.com/cat_light_50/?utm_source=referral,Photop√©riode et comportement de chasse chez les f√©lins domestiques,"Le tapetum lucidum, structure r√©flective situ√©e derri√®re la r√©tine f√©line, augmente la sensibilit√© lumineuse d'un facteur six. Cette √©tude examine sa composition biochimique et son efficacit√© spectrale.","La r√©tine f√©line contient une proportion exceptionnelle de photor√©cepteurs adapt√©s √† la vision nocturne. Les b√¢tonnets repr√©sentent 96% des photor√©cepteurs, contre 95% chez l'humain, mais avec une densit√© absolue bien sup√©rieure. Les c√¥nes, bien que minoritaires, permettent une vision dichromatique avec deux types: c√¥nes S (sensibles au bleu, pic √† 450 nm) et c√¥nes M (sensibles au vert, pic √† 550 nm). L'absence de c√¥nes L explique la perception limit√©e des rouges. Des exp√©riences comportementales de discrimination color√©e confirment que les chats distinguent le bleu du vert mais confondent rouge et vert. Cette configuration optimise la d√©tection de mouvements en faible luminosit√© au d√©triment de la richesse chromatique.",fr,C. Michel,Revue d'√âthologie,2025-11-17,,normal,0.9070729613304138,0.8787035942077637,0.8859491348266602,0.8943374156951904,36.13326498864221,0.01683087027914614,-1
34,https://www.example.com/cat_light_2010/?utm_source=referral&utm_campaign=testA,Effet de la √©clairage blue sur l'activit√© nocturnal f√©line,"Les zones de repos pr√©f√©r√©es par les chats domestiques sont significativement corr√©l√©es avec l'exposition solaire directe, sugg√©rant une thermor√©gulation comportementale associ√©e √† la lumi√®re. üåô","Les yeux du f√©lin, riches en b√¢tonnets, permettent une sensibilit√© accrue en faible light. Le tapetum lucidum r√©fl√©chit la light non absorb√©e. Les mesures actim√©triques indiquent une augmentation de l'activit√© cr√©pusculaire sous √©clairage ambiant r√©duit. Introduction: La acuit√© visuelle f√©line repr√©sente une adaptation remarquable aux environnements nocturnes. Mat√©riel et m√©thodes: Nous avons suivi 25 chats domestiques (Felis catus) pendant 12 semaines avec des colliers actim√©triques et des cam√©ras infrarouges. R√©sultats: La densit√© de b√¢tonnets atteint 450,000 cellules/mm2 dans la zone centrale, soit 25 fois plus que chez l'humain. Le tapetum lucidum augmente la sensibilit√© d'un facteur 6 par r√©flexion des photons. Discussion: Ces adaptations expliquent pourquoi les chats sont particuli√®rement actifs au cr√©puscule et √† l'aube.",fr,W. Lefebvre,Recherche en Ophtalmologie,2023-02-13,,near_duplicate,0.9334157109260559,0.8997650146484375,0.9259449243545532,0.9218263626098633,33.08519205669155,0.020788309148914275,-1
35,https://www.example.com/cat_light_56?utm_source=search&utm_medium=referral&utm_campaign=testA&article_id=56,Effet de la lumi√®re bleue sur l'activit√© nocturne f√©line,"Les zones de repos pr√©f√©r√©es par les chats domestiques sont significativement corr√©l√©es avec l'exposition solaire directe, sugg√©rant une thermor√©gulation comportementale associ√©e √† la lumi√®re.","Les yeux du chat, riches en b√¢tonnets, permettent une sensibilit√© accrue en faible lumi√®re. Le tapetum lucidum r√©fl√©chit la lumi√®re non absorb√©e. Les mesures actim√©triques indiquent une augmentation de l'activit√© cr√©pusculaire sous √©clairage ambiant r√©duit. Introduction: La vision f√©line repr√©sente une adaptation remarquable aux environnements nocturnes. Mat√©riel et m√©thodes: Nous avons suivi 25 chats domestiques (Felis catus) pendant 12 semaines avec des colliers actim√©triques et des cam√©ras infrarouges. R√©sultats: La densit√© de b√¢tonnets atteint 450,000 cellules/mm2 dans la zone centrale, soit 25 fois plus que chez l'humain. Le tapetum lucidum augmente la sensibilit√© d'un facteur 6 par r√©flexion des photons. Discussion: Ces adaptations expliquent pourquoi les chats sont particuli√®rement actifs au cr√©puscule et √† l'aube.",fr,W. Lefebvre,Recherche en Ophtalmologie,2023-02-13,,normal,0.9376615285873413,0.8991172313690186,0.9275408983230591,0.924074113368988,36.220391504004134,0.0260840108401084,1
36,https://example.org/cat_light_2015?utm_source=direct&utm_campaign=testA,Effet de la lumi√®re bleue sur l'activit√© nocturne f√©line,"Nous rapportons les premiers enregistrements √©lectror√©tinographiques haute r√©solution chez des chats expos√©s √† diff√©rents spectres lumineux, r√©v√©lant des r√©ponses diff√©rentielles selon la longueur d'onde.","La phototransduction f√©line s'adapte rapidement aux transitions clair-obscur. Nous observons une modulation du rythme circadien sous √©clairage LED, notamment en pr√©sence de spectres bleus (‚âà470 nm). Contexte: L'√©clairage artificiel moderne peut perturber les rythmes biologiques naturels des f√©lins. M√©thodologie: Dix chats ont √©t√© expos√©s √† trois conditions lumineuses: lumi√®re naturelle, LED blanc chaud (3000K), et LED blanc froid (6500K). Des pr√©l√®vements sanguins horaires ont quantifi√© la m√©latonine. Observations: L'exposition aux LED froides retarde la s√©cr√©tion de m√©latonine de 90 minutes en moyenne. Les enregistrements comportementaux montrent un d√©calage significatif des pics d'activit√© (p<0.001). Implications: Les propri√©taires devraient privil√©gier un √©clairage chaud le soir pour respecter le cycle naturel.",fr,L. Dupont,Chronobiologie Appliqu√©e,2023-08-04,,near_duplicate,0.9376615285873413,0.8959239721298218,0.9196649789810181,0.9215409755706787,36.36675169471413,0.025,-1
37,http://example.com/cat_light_144,Les photor√©cepteurs du chat,Les m√©canismes d'adaptation lumineuse chez le chat impliquent des ajustements pupillaires rapides et une modulation de la sensibilit√© r√©tinienne sur plusieurs √©chelles temporelles.,"Les yeux du chat, riches en b√¢tonnets, permettent une sensibilit√© accrue en faible lumi√®re. Le tapetum lucidum r√©fl√©chit la lumi√®re non absorb√©e. Les mesures actim√©triques indiquent une augmentation de l'activit√© cr√©pusculaire sous √©clairage ambiant r√©duit. Introduction: La vision f√©line repr√©sente une adaptation remarquable aux environnements nocturnes. Mat√©riel et m√©thodes: Nous avons suivi 25 chats domestiques (Felis catus) pendant 12 semaines avec des colliers actim√©triques et des cam√©ras infrarouges. R√©sultats: La densit√© de b√¢tonnets atteint 450,000 cellules/mm2 dans la zone centrale, soit 25 fois plus que chez l'humain. Le tapetum lucidum augmente la sensibilit√© d'un facteur 6 par r√©flexion des photons. Discussion: Ces adaptations expliquent pourquoi les chats sont particuli√®rement actifs au cr√©puscule et √† l'aube.Les yeux du chat, riches en b√¢tonnets, permettent une sensibilit√© accrue en faible lumi√®re. Le tapetum lucidum r√©fl√©chit la lumi√®re non absorb√©e. Les mesures actim√©triques indiquent une augmentation de l'activit√© cr√©pusculaire sous √©clairage ambiant r√©duit. Introduction: La vision f√©line repr√©sente une adaptation remarquable aux environnements nocturnes. Mat√©riel et m√©thodes: Nous avons suivi 25 chats domestiques (Felis catus) pendant 12 semaines avec des colliers actim√©triques et des cam√©ras infrarouges. R√©sultats: La densit√© de b√¢tonnets atteint 450,000 cellules/mm2 dans la zone centrale, soit 25 fois plus que chez l'humain. Le tapetum lucidum augmente la sensibilit√© d'un facteur 6 par r√©flexion des photons. Discussion: Ces adaptations expliquent pourquoi les chats sont particuli√®rement actifs au cr√©puscule et √† l'aube.Les yeux du chat, riches en b√¢tonnets, permettent une sensibilit√© accrue en faible lumi√®re. Le tapetum lucidum r√©fl√©chit la lumi√®re non absorb√©e. Les mesures actim√©triques indiquent une augmentation de l'activit√© cr√©pusculaire sous √©clairage ambiant r√©duit. Introduction: La vision f√©line repr√©sente une adaptation remarquable aux environnements nocturnes. Mat√©riel et m√©thodes: Nous avons suivi 25 chats domestiques (Felis catus) pendant 12 semaines avec des colliers actim√©triques et des cam√©ras infrarouges. R√©sultats: La densit√© de b√¢tonnets atteint 450,000 cellules/mm2 dans la zone centrale, soit 25 fois plus que chez l'humain. Le tapetum lucidum augmente la sensibilit√© d'un facteur 6 par r√©flexion des photons. Discussion: Ces adaptations expliquent pourquoi les chats sont particuli√®rement actifs au cr√©puscule et √† l'aube.",fr,A. Martin,Recherche en Physiologie,2025-03-23,,normal,0.9256253242492676,0.9010274410247803,0.9266597628593445,0.9184528589248657,32.798633472245385,0.018863049095607237,2
38,https://testsite.net/cat_light_194?utm_medium=referral,Influence de la lumi√®re lunaire sur le comportement nocturne des chats,Nous analysons le r√¥le de la lumi√®re sur la perception visuelle et comportementale du chat en utilisant des mesures comportementales et √©lectrophysiologiques combin√©es.,"Le tapetum lucidum, structure multicouche situ√©e dans le fond de l'≈ìil, fonctionne comme un miroir biologique. Compos√© de cellules contenant des cristaux de riboflavine et de zinc, il r√©fl√©chit s√©lectivement les longueurs d'onde entre 450 et 550 nm. Mesures spectrophotom√©triques: l'efficacit√© de r√©flexion atteint 90% dans le pic de sensibilit√© des b√¢tonnets. Cette adaptation double effectivement la probabilit√© qu'un photon soit capt√©. Effet secondaire: la diffusion lumineuse r√©duit l√©g√®rement l'acuit√© visuelle. Les chats voient donc moins net que les humains en plein jour (acuit√©: 20/100 vs 20/20), mais cette perte est n√©gligeable dans leur niche √©cologique cr√©pusculaire. Variations individuelles: la couleur du reflet (vert, jaune, orange) d√©pend de la composition exacte du tapetum et peut servir d'identification.",fr,I. Laurent,Journal Fran√ßais de Neurosciences,2017-10-13,,normal,0.9479541778564453,0.915470540523529,0.8860095739364624,0.9258201718330383,38.80015170614595,0.029631255487269532,-1
39,http://example.com/cat_light_111/?utm_source=newsletter&utm_medium=referral&ref=cats,Comportement des chats au soleil,Les f√©lins poss√®dent une vision adapt√©e √† la faible luminosit√© gr√¢ce √† leurs b√¢tonnets et √† leur tapetum lucidum. Nous documentons les m√©canismes cellulaires sous-jacents √† cette adaptation remarquable.,"Des enregistrements polysomnographiques montrent une r√©duction du sommeil paradoxal apr√®s exposition √† la lumi√®re bleue le soir, avec une r√©cup√©ration partielle apr√®s 48 h d'obscurit√© contr√¥l√©e. Introduction: Le sommeil f√©lin comprend plusieurs phases dont le sommeil paradoxal (REM) est crucial. Protocole exp√©rimental: Huit chats adultes ont port√© des √©lectrodes EEG non invasives. Groupe contr√¥le: obscurit√© compl√®te apr√®s 20h. Groupe test: exposition √† lumi√®re bleue (470nm, 100 lux) de 20h √† 23h. R√©sultats quantitatifs: Le groupe test montre une r√©duction de 35% du temps en REM la premi√®re nuit (p=0.003), avec une latence d'endormissement augment√©e de 25 minutes. L'analyse spectrale r√©v√®le une suppression des ondes th√™ta (4-8 Hz). R√©cup√©ration: Apr√®s 48h d'obscurit√©, le sommeil REM revient √† 85% du niveau basal. Conclusion: La lumi√®re bleue perturbe significativement l'architecture du sommeil f√©lin.",fr,V. Laurent,Journal Fran√ßais de Neurosciences,2024-06-04,,normal,0.9274583458900452,0.9017573595046997,0.9016842842102051,0.9145932197570801,34.940332157324335,0.02016210739614995,-1
40,http://example.com/cat_light_168/?utm_medium=referral&utm_campaign=testA&tracking=true,Comportement des chats au soleil,"Cette √©tude explore la fa√ßon dont les chats r√©agissent aux variations de lumi√®re dans leur environnement, en analysant leurs pr√©f√©rences comportementales et leurs adaptations physiologiques.","Le tapetum lucidum, structure multicouche situ√©e dans le fond de l'≈ìil, fonctionne comme un miroir biologique. Compos√© de cellules contenant des cristaux de riboflavine et de zinc, il r√©fl√©chit s√©lectivement les longueurs d'onde entre 450 et 550 nm. Mesures spectrophotom√©triques: l'efficacit√© de r√©flexion atteint 90% dans le pic de sensibilit√© des b√¢tonnets. Cette adaptation double effectivement la probabilit√© qu'un photon soit capt√©. Effet secondaire: la diffusion lumineuse r√©duit l√©g√®rement l'acuit√© visuelle. Les chats voient donc moins net que les humains en plein jour (acuit√©: 20/100 vs 20/20), mais cette perte est n√©gligeable dans leur niche √©cologique cr√©pusculaire. Variations individuelles: la couleur du reflet (vert, jaune, orange) d√©pend de la composition exacte du tapetum et peut servir d'identification.",fr,T. Thomas,√âcologie Comportementale,2022-10-29,10.1234/cats.4784.168,normal,0.9274583458900452,0.918667733669281,0.8860095739364624,0.9165314435958862,33.501924067993336,0.018950567623133997,0
41,https://example.org/cat_light_2013/?utm_medium=referral,Impact de l'√©clairage artificiel sur le bien-√™tre du caht,"L'exposition √† l'√©clairage artificiel nocturnal perturbe la s√©cr√©tion de m√©latonin echez le chat domestique, avec des cons√©quences potentielles sur la r√©gulation du sommeil et le m√©tabolisme √©nerg√©itque.","Les yeux du chat, riches en b√¢tonnets, permettent une sensibilit√© accrue en faible lumi√®re. Le tapetum lucidum r√©fl√©chit la lumi√®re non absorb√©e. Les mesures actim√©triques indiquent une augmentation de l'activit√© cr√©pusculaire sous √©clairage ambiant r√©duit. Introduction: La vision f√©line repr√©sente une adaptation remarquable aux environnements nocturnes. Mat√©riel et m√©thodes: Nous avons suivi 25 chats domestiques (Felis catus) pendant 12 semaines avec des colliers actim√©triques et des cam√©ras infrarouges. R√©sultats: La densit√© de b√¢tonnets atteint 450,000 cellules/mm2 dans la zone centrale, soit 25 fois plus que chez l'humain. Le tapetum lucidum augmente la sensibilit√© d'un facteur 6 par r√©flexion des photons. Discussion: Ces adaptations expliquent pourquoi les chats sont particuli√®rement actifs au cr√©puscule et √† l'aube.Les yeux du chat, riches en b√¢tonnets, permettent une sensibilit√© accrue en faible lumi√®re. Le tapetum lucidum r√©fl√©chit la lumi√®re non absorb√©e. Les mesures actim√©triques indiquent une augmentation de l'activit√© cr√©pusculaire sous √©clairage ambiant r√©duit. Introduction: La vision f√©line repr√©sente une adaptation remarquable aux environnements nocturnes. Mat√©riel et m√©thodes: Nous avons suivi 25 chats domestiques (Felis catus) pendant 12 semaines avec des colliers actim√©triques et des cam√©ras infrarouges. R√©sultats: La densit√© de b√¢tonnets atteint 450,000 cellules/mm2 dans la zone centrale, soit 25 fois plus que chez l'humain. Le tapetum lucidum augmente la sensibilit√© d'un facteur 6 par r√©flexion des photons. Discussion: Ces adaptations expliquent pourquoi les chats sont particuli√®rement actifs au cr√©puscule et √† l'aube.Les yeux du chat, riches en b√¢tonnets, permettent une sensibilit√© accrue en faible lumi√®re. Le tapetum lucidum r√©fl√©chit la lumi√®re non absorb√©e. Les mesures actim√©triques indiquent une augmentation de l'activit√© cr√©pusculaire sous √©clairage ambiant r√©duit. Introduction: La vision f√©line repr√©sente une adaptation remarquable aux environnements nocturnes. Mat√©riel et m√©thodes: Nous avons suivi 25 chats domestiques (Felis catus) pendant 12 semaines avec des colliers actim√©triques et des cam√©ras infrarouges. R√©sultats: La densit√© de b√¢tonnets atteint 450,000 cellules/mm2 dans la zone centrale, soit 25 fois plus que chez l'humain. Le tapetum lucidum augmente la sensibilit√© d'un facteur 6 par r√©flexion des photons. Discussion: Ces adaptations expliquent pourquoi les chats sont particuli√®rement actifs au cr√©puscule et √† l'aube.",fr,S. Moreau,Biologie & √âclairage,2025-10-01,,near_duplicate,0.9113050699234009,0.9045842885971069,0.9266597628593445,0.9123597741127014,35.64677139831622,0.020007884880741178,0
42,http://example.com/cat_light_74/?utm_source=referral&utm_campaign=science,Influence de la lumi√®re sur le sommeil du chat,"Nous rapportons les premiers enregistrements √©lectror√©tinographiques haute r√©solution chez des chats expos√©s √† diff√©rents spectres lumineux, r√©v√©lant des r√©ponses diff√©rentielles selon la longueur d'onde.","La r√©tine f√©line contient une proportion exceptionnelle de photor√©cepteurs adapt√©s √† la vision nocturne√ó. Les b√¢tonnets repr√©sentent 96% des photor√©cepteurs, contre 95% chez l'humain, mais avec une densit√© absolue bien sup√©rieure√ó. Les c√¥nes, bien que minoritaires, permettent une vision dichromatique avec deux types: c√¥nes S (sensibles au bleu, pic √† 450 nm) et c√¥nes M (sensibles au vert, pic √† 550 nm)√ó. L'absence de c√¥nes L explique la perception limit√©e des rouges√ó. Des exp√©riences comportementales de discrimination color√©e confirment que les chats distinguent le bleu du vert mais confondent rouge et vert√ó. Cette configuration optimise la d√©tection de mouvements en faible luminosit√© au d√©triment de la richesse chromatique√ó.",fr,V. Laurent,Animaux de Compagnie,2019-04-25,10.1234/cats.1550.74,normal,0.9469966888427734,0.8959239721298218,0.8848166465759277,0.9192388653755188,37.968199628131806,0.025320462098433298,0
43,https://www.example.com/cat_light_8?utm_source=direct&utm_medium=cpc&utm_campaign=testA,Sensibilit√© spectrale et perception color√©e chez Felis catus,La lumi√®re influence le cycle circadien et l'activit√© des chats domestiques. Cette recherche quantifie l'impact de diff√©rentes intensit√©s lumineuses sur les patterns d'activit√© diurnes et nocturnes.,"La phototransduction f√©line s'adapte rapidement aux transitions clair-obscur. Nous observons une modulation du rythme circadien sous √©clairage LED, notamment en pr√©sence de spectres bleus (‚âà470 nm). Contexte: L'√©clairage artificiel moderne peut perturber les rythmes biologiques naturels des f√©lins. M√©thodologie: Dix chats ont √©t√© expos√©s √† trois conditions lumineuses: lumi√®re naturelle, LED blanc chaud (3000K), et LED blanc froid (6500K). Des pr√©l√®vements sanguins horaires ont quantifi√© la m√©latonine. Observations: L'exposition aux LED froides retarde la s√©cr√©tion de m√©latonine de 90 minutes en moyenne. Les enregistrements comportementaux montrent un d√©calage significatif des pics d'activit√© (p<0.001). Implications: Les propri√©taires devraient privil√©gier un √©clairage chaud le soir pour respecter le cycle naturel.",fr,P. Dubois,Physiologie Comportementale,2019-10-06,,normal,0.9074081182479858,0.9238444566726685,0.9196649789810181,0.9147903919219971,34.49348444539518,0.01980974796508777,-1
44,https://www.example.com/cat_light_10008/?utm_source=referral&utm_campaign=science&tracking=true,Modulation de l'activit√© f√©line par l'intensit√© lumineuse,L'influence de la lumi√®re lunaire sur le comportement de chasse nocturne a √©t√© document√©e par t√©l√©m√©trie GPS coupl√©e √† des capteurs d'acc√©l√©ration sur 30 chats semi-sauvages.,"Les yeux du cat, riches en b√¢tonnets, permettent une sensibilit√© accrue en faible light. Le tapetum lucidum r√©fl√©chit la lumi√®re non absorb√©e. Les mesures actim√©triques indiquent une augmentation de l'activit√© cr√©pusculaire sous √©clairage ambiant r√©duit. Introduction: La vision f√©line repr√©sente une adaptation remarquable aux environnements nocturnes. Mat√©riel et m√©thodes: Nous avons suivi 25 cats domestiques (Felis catus) pendant 12 semaines avec des colliers actim√©triques et des cam√©ras infrarouges. R√©sultats: La densit√© de b√¢tonnets atteint 450,000 cellules/mm2 dans la zone centrale, soit 25 fois plus que chez l'humain. Le tapetum lucidum augmente la sensibilit√© d'un facteur 6 par r√©flexion des photons. Discussion: Ces adaptations expliquent pourquoi les chats sont particuli√®rement actifs au cr√©puscule et √† l'aube.",mixed,Q. Michel,Biologie & √âclairage,2024-09-18,,multilingual,0.9253909587860107,0.893775463104248,0.9259557723999023,0.9160193204879761,39.904864394300574,0.025151515151515154,0
45,https://www.example.com/cat_light_71?utm_source=direct,Comportement des chats au soleil,La lumi√®re influence le cycle circadien et l'activit√© des chats domestiques. Cette recherche quantifie l'impact de diff√©rentes intensit√©s lumineuses sur les patterns d'activit√© diurnes et nocturnes.,"La phototransduction f√©line s'adapte rapidement aux transitions clair-obscur. Nous observons une modulation du rythme circadien sous √©clairage LED, notamment en pr√©sence de spectres bleus (‚âà470 nm). Contexte: L'√©clairage artificiel moderne peut perturber les rythmes biologiques naturels des f√©lins. M√©thodologie: Dix chats ont √©t√© expos√©s √† trois conditions lumineuses: lumi√®re naturelle, LED blanc chaud (3000K), et LED blanc froid (6500K). Des pr√©l√®vements sanguins horaires ont quantifi√© la m√©latonine. Observations: L'exposition aux LED froides retarde la s√©cr√©tion de m√©latonine de 90 minutes en moyenne. Les enregistrements comportementaux montrent un d√©calage significatif des pics d'activit√© (p devraient privil√©gier un √©clairage chaud le soir pour respecter le cycle naturel.",fr,C. Michel,Vision et Perception,2021-02-14,,normal,0.9274583458900452,0.9238444566726685,0.9175477623939514,0.9243921041488647,39.91589361029205,0.02946912242686891,-1
46,https://www.example.com/cat_light_72,Influence de la lumi√®re sur le sommeil du chat,Les cycles d'activit√© f√©lins suivent un rythme bimodal avec des pics cr√©pusculaires. Nous d√©montrons que l'intensit√© lumineuse ambiante module significativement ces patterns temporels.,"La phototransduction f√©line s'adapte rapidement aux transitions clair-obscur. Nous observons une modulation du rythme circadien sous √©clairage LED, notamment en pr√©sence de spectres bleus (‚âà470 nm). Contexte: L'√©clairage artificiel moderne peut perturber les rythmes biologiques naturels des f√©lins. M√©thodologie: Dix chats ont √©t√© expos√©s √† trois conditions lumineuses: lumi√®re naturelle, LED blanc chaud (3000K), et LED blanc froid (6500K). Des pr√©l√®vements sanguins horaires ont quantifi√© la m√©latonine. Observations: L'exposition aux LED froides retarde la s√©cr√©tion de m√©latonine de 90 minutes en moyenne. Les enregistrements comportementaux montrent un d√©calage significatif des pics d'activit√© (p<0.001). Implications: Les propri√©taires devraient privil√©gier un √©clairage chaud le soir pour respecter le cycle naturel.",fr,Q. Michel,Comportement et Adaptation,2018-04-05,10.1234/cats.9972.72,normal,0.9469966888427734,0.8860061764717102,0.9196649789810181,0.9232332706451416,29.578532115392505,0.018839712918660288,-1
47,https://example.org/cat_light_180/,Cycles d'activit√© f√©line en fonction de la photoperiode,L'influence de la lumi√®re lunaire sur le comportement de chasse nocturne a √©t√© document√©e par t√©l√©m√©trie GPS coupl√©e √† des capteurs d'acc√©l√©ration sur 30 chats semi-sauvages.,"Le tapetum lucidum, structure multicouche situ√©e dans le fond de l'≈ìil, fonctionne comme un miroir biologique. Compos√© de cellules contenant des cristaux de riboflavine et de zinc, il r√©fl√©chit s√©lectivement les longueurs d'onde entre 450 et 550 nm. Mesures spectrophotom√©triques: l'efficacit√© de r√©flexion atteint 90% dans le pic de sensibilit√© des b√¢tonnets. Cette adaptation double effectivement la probabilit√© qu'un photon soit capt√©. Effet secondaire: la diffusion lumineuse r√©duit l√©g√®rement l'acuit√© visuelle. Les chats voient donc moins net que les humains en plein jour (acuit√©: 20/100 vs 20/20), mais cette perte est n√©gligeable dans leur niche √©cologique cr√©pusculaire. Variations individuelles: la couleur du reflet (vert, jaune, orange) d√©pend de la composition exacte du tapetum et peut servir d'identification.",fr,P. Durand,Vision et Perception,2025-03-31,,normal,0.8959192037582397,0.893775463104248,0.8860095739364624,0.8932941555976868,36.67496477913571,0.01818770226537217,0
48,http://example.com/cat_light_2?utm_campaign=testA&tracking=true,R√©ponses comportementales aux vairations de luminosit√© chez le chat,L'adaptation des photor√©cepteurs f√©lins aux environnements nocturnes repr√©sente un mod√®le √©volutif fascinant. Nous caract√©risons la distribution spatiale des c√¥nes et b√¢tonnets dans la r√©tine centrale et p√©riph√©rique.,"La phototransduction f√©line s'adapte rapidement aux transitions clair-obscur. Nous observons une modulation du rythme circadien sous √©clairage LED, notamment en pr√©sence de spectres bleus (‚âà470 nm). Contexte: L'√©clairage artificiel moderne peut perturber les rythmes biologiques naturels des f√©lins. M√©thodologie: Dix chats ont √©t√© expos√©s √† trois conditions lumineuses: lumi√®re naturelle, LED blanc chaud (3000K), et LED blanc froid (6500K). Des pr√©l√®vements sanguins horaires ont quantifi√© la m√©latonine. Observations: L'exposition aux LED froides retarde la s√©cr√©tion de m√©latonine de 90 minutes en moyenne. Les enregistrements comportementaux montrent un d√©calage significatif des pics d'activit√© (p<0.001). Implications: Les propri√©taires devraient privil√©gier un √©clairage chaud le soir pour respecter le cycle naturel.",fr,M. Petit,Physiologie Animale,2023-05-13,,normal,0.9389597773551941,0.8933757543563843,0.9196649789810181,0.9214256405830383,30.14207425569766,0.01811228171453312,0
49,http://example.com/cat_light_11/,Impact de l'√©clairage artificiel sur le bien-√™tre du caht,"L'exposition √† l'√©clairage artificiel nocturne perturbe la s√©cr√©tion de m√©latonine chez le chat domestique, avec des cons√©quences potentielles sur la r√©gulation du sommeil et le m√©tabolisme √©nerg√©tique.","Les yeux du chat, riches en b√¢tonnets, permettent une sensibilit√© accrue en faible lumi√®re. Le tapetum lucidum r√©fl√©chit la lumi√®re non absorb√©e. Les mesures actim√©triques indiquent une augmentation de l'activit√© cr√©pusculaire sous √©clairage ambiant r√©duit. Introduction: La vision f√©line repr√©sente une adaptation remarquable aux environnements nocturnes. Mat√©riel et m√©thodes: Nous avons suivi 25 chats domestiques (Felis catus) pendant 12 semaines avec des colliers actim√©triques et des cam√©ras infrarouges. R√©sultats: La densit√© de b√¢tonnets atteint 450,000 cellules/mm2 dans la zone centrale, soit 25 fois plus que chez l'humain. Le tapetum lucidum augmente la sensibilit√© d'un facteur 6 par r√©flexion des photons. Discussion: Ces adaptations expliquent pourquoi les chats sont particuli√®rement actifs au cr√©puscule et √† l'aube.Les yeux du chat, riches en b√¢tonnets, permettent une sensibilit√© accrue en faible lumi√®re. Le tapetum lucidum r√©fl√©chit la lumi√®re non absorb√©e. Les mesures actim√©triques indiquent une augmentation de l'activit√© cr√©pusculaire sous √©clairage ambiant r√©duit. Introduction: La vision f√©line repr√©sente une adaptation remarquable aux environnements nocturnes. Mat√©riel et m√©thodes: Nous avons suivi 25 chats domestiques (Felis catus) pendant 12 semaines avec des colliers actim√©triques et des cam√©ras infrarouges. R√©sultats: La densit√© de b√¢tonnets atteint 450,000 cellules/mm2 dans la zone centrale, soit 25 fois plus que chez l'humain. Le tapetum lucidum augmente la sensibilit√© d'un facteur 6 par r√©flexion des photons. Discussion: Ces adaptations expliquent pourquoi les chats sont particuli√®rement actifs au cr√©puscule et √† l'aube.Les yeux du chat, riches en b√¢tonnets, permettent une sensibilit√© accrue en faible lumi√®re. Le tapetum lucidum r√©fl√©chit la lumi√®re non absorb√©e. Les mesures actim√©triques indiquent une augmentation de l'activit√© cr√©pusculaire sous √©clairage ambiant r√©duit. Introduction: La vision f√©line repr√©sente une adaptation remarquable aux environnements nocturnes. Mat√©riel et m√©thodes: Nous avons suivi 25 chats domestiques (Felis catus) pendant 12 semaines avec des colliers actim√©triques et des cam√©ras infrarouges. R√©sultats: La densit√© de b√¢tonnets atteint 450,000 cellules/mm2 dans la zone centrale, soit 25 fois plus que chez l'humain. Le tapetum lucidum augmente la sensibilit√© d'un facteur 6 par r√©flexion des photons. Discussion: Ces adaptations expliquent pourquoi les chats sont particuli√®rement actifs au cr√©puscule et √† l'aube.",fr,S. Moreau,Biologie & √âclairage,2025-10-01,,normal,0.9113050699234009,0.9072579145431519,0.9266597628593445,0.9131618738174438,36.653152713063676,0.022246272246272247,-1
50,https://testsite.net/cat_light_197?utm_medium=cpc&utm_campaign=academic&ref=cats,Les chats et la lumi√®re naturelle,La lumi√®re influence le cycle circadien et l'activit√© des chats domestiques. Cette recherche quantifie l'impact de diff√©rentes intensit√©s lumineuses sur les patterns d'activit√© diurnes et nocturnes.,"La r√©tine f√©line contient une proportion exceptionnelle de photor√©cepteurs adapt√©s √† la vision nocturne. Les b√¢tonnets repr√©sentent 96% des photor√©cepteurs, contre 95% chez l'humain, mais avec une densit√© absolue bien sup√©rieure. Les c√¥nes, bien que minoritaires, permettent une vision dichromatique avec deux types: c√¥nes S (sensibles au bleu, pic √† 450 nm) et c√¥nes M (sensibles au vert, pic √† 550 nm). L'absence de c√¥nes L explique la perception limit√©e des rouges. Des exp√©riences comportementales de discrimination color√©e confirment que les chats distinguent le bleu du vert mais confondent rouge et vert. Cette configuration optimise la d√©tection de mouvements en faible luminosit√© au d√©triment de la richesse chromatique.",fr,G. Thomas,Physiologie Animale,2020-01-08,,normal,0.9249610900878906,0.9238444566726685,0.8859491348266602,0.9168237447738647,41.39751406329023,0.026655348047538198,0
51,https://example.com/cat_light_65?utm_medium=referral,Cycles d'activit√© f√©line en fonction de la photoperiode,L'influence de la lumi√®re lunaire sur le comportement de chasse nocturne a √©t√© document√©e par t√©l√©m√©trie GPS coupl√©e √† des capteurs d'acc√©l√©ration sur 30 chats semi-sauvages.,"Le tapetum lucidum, structure multicouche situ√©e dans le fond de l'≈ìil, fonctionne comme un miroir biologique. Compos√© de cellules contenant des cristaux de riboflavine et de zinc, il r√©fl√©chit s√©lectivement les longueurs d'onde entre 450 et 550 nm. Mesures spectrophotom√©triques: l'efficacit√© de r√©flexion atteint 90% dans le pic de sensibilit√© des b√¢tonnets. Cette adaptation double effectivement la probabilit√© qu'un photon soit capt√©. Effet secondaire: la diffusion lumineuse r√©duit l√©g√®rement l'acuit√© visuelle. Les chats voient donc moins net que les humains en plein jour (acuit√©: 20/100 vs 20/20), mais cette perte est n√©gligeable dans leur niche √©cologique cr√©pusculaire. Variations individuelles: la couleur du reflet (vert, jaune, orange) d√©pend de la composition exacte du tapetum et peut servir d'identification.",fr,I. Laurent,Recherche V√©t√©rinaire,2023-12-14,,normal,0.8959192037582397,0.893775463104248,0.8860095739364624,0.8932941555976868,36.67496477913571,0.01798881261123824,0
52,https://www.example.com/cat_light_75/?utm_source=email&utm_medium=referral,Vision nocturne des f√©lins,Nous analysons le r√¥le de la lumi√®re sur la perception visuelle et comportementale du chat en utilisant des mesures comportementales et √©lectrophysiologiques combin√©es.,"Les yeux du chat, riches en b√¢tonnets, permettent une sensibilit√© accrue en faible lumi√®re. Le tapetum lucidum r√©fl√©chit la lumi√®re non absorb√©e. Les mesures actim√©triques indiquent une augmentation de l'activit√© cr√©pusculaire sous √©clairage ambiant r√©duit. Introduction: La vision f√©line repr√©sente une adaptation remarquable aux environnements nocturnes. Mat√©riel et m√©thodes: Nous avons suivi 25 chats domestiques (Felis catus) pendant 12 semaines avec des colliers actim√©triques et des cam√©ras infrarouges. R√©sultats: La densit√© de b√¢tonnets atteint 450,000 cellules/mm2 dans la zone centrale, soit 25 fois plus que chez l'humain. Le tapetum lucidum augmente la sensibilit√© d'un facteur 6 par r√©flexion des photons. Discussion: Ces adaptations expliquent pourquoi les chats sont particuli√®rement actifs au cr√©puscule et √† l'aube.",fr,H. Simon,Sciences du Vivant,2020-11-11,,normal,0.9372333884239197,0.915470540523529,0.9275408983230591,0.9287660717964172,36.150243108284876,0.028177225029148854,-1
53,https://example.com/cat_light_10028?utm_source=direct&utm_medium=cpc,Modulation de l'activit√© f√©line par l'intensit√© lumineuse,"Les zones de repos pr√©f√©r√©es par les chats domestiques sont significativement corr√©l√©es avec l'exposition solaire directe, sugg√©rant une thermor√©gulation comportementale associ√©e √† la lumi√®re.","scotopic vision vision lucidum yeux du chat, riches en b√¢tonnets, permettent une sensibilit√© accrue en faible lumi√®re. Le tapetum lucidum r√©fl√©chit la lumi√®re non absorb√©e. Les mesures actim√©triques indiquent une augmentation de l'activit√© cr√©pusculaire sous √©clairage ambiant r√©duit. Introduction: La vision f√©line repr√©sente une adaptation remarquable aux environnements nocturnes. Mat√©riel et m√©thodes: Nous avons suivi 25 chats domestiques (Felis catus) pendant 12 semaines avec des colliers actim√©triques et des cam√©ras infrarouges. R√©sultats: La densit√© de b√¢tonnets atteint 450,000 cellules/mm2 dans la zone centrale, soit 25 fois plus que chez l'humain. Le tapetum lucidum augmente la sensibilit√© d'un facteur 6 par r√©flexion des photons. Discussion: Ces adaptations expliquent pourquoi les chats sont particuli√®rement actifs au cr√©puscule et √† l'aube.Les yeux du chat, riches en b√¢tonnets, permettent une sensibilit√© accrue en faible lumi√®re. Le tapetum lucidum r√©fl√©chit la lumi√®re non absorb√©e. Les mesures actim√©triques indiquent une augmentation de l'activit√© cr√©pusculaire sous √©clairage ambiant r√©duit. Introduction: La vision f√©line repr√©sente une adaptation remarquable aux environnements nocturnes. Mat√©riel et m√©thodes: Nous avons suivi 25 chats domestiques (Felis catus) pendant 12 semaines avec des colliers actim√©triques et des cam√©ras infrarouges. R√©sultats: La densit√© de b√¢tonnets atteint 450,000 cellules/mm2 dans la zone centrale, soit 25 fois plus que chez l'humain. Le tapetum lucidum augmente la sensibilit√© d'un facteur 6 par r√©flexion des photons. Discussion: Ces adaptations expliquent pourquoi les chats sont particuli√®rement actifs au cr√©puscule et √† l'aube.Les yeux du chat, riches en b√¢tonnets, permettent une sensibilit√© accrue en faible lumi√®re. Le tapetum lucidum r√©fl√©chit la lumi√®re non absorb√©e. Les mesures actim√©triques indiquent une augmentation de l'activit√© cr√©pusculaire sous √©clairage ambiant r√©duit. Introduction: La vision f√©line repr√©sente une adaptation remarquable aux environnements nocturnes. Mat√©riel et m√©thodes: Nous avons suivi 25 chats domestiques (Felis catus) pendant 12 semaines avec des colliers actim√©triques et des cam√©ras infrarouges. R√©sultats: La densit√© de b√¢tonnets atteint 450,000 cellules/mm2 dans la zone centrale, soit 25 fois plus que chez l'humain. Le tapetum lucidum augmente la sensibilit√© d'un facteur 6 par r√©flexion des photons. Discussion: Ces adaptations expliquent pourquoi les chats sont particuli√®rement actifs au cr√©puscule et √† l'aube.",mixed,C. Roux,Revue de Biologie,2020-03-03,10.1234/cats.2453.10028,multilingual,0.9253909587860107,0.8991172313690186,0.9236766695976257,0.9171660542488098,32.304843814537236,0.018105629348513598,-1
54,http://example.com/cat_light_160/?utm_source=social&utm_medium=cpc&utm_campaign=science,Adaptation ivsuelle du chat domestique aux environnements faiblement√© clair√©s,L'influence de la lumi√®re lunaire sur le comportement de chasse nocturne a √©t√© document√©e par t√©l√©m√©trie GPS coupl√©e √† des capteurs d'acc√©l√©ration sur 30 chats semi-sauvages.,"Les yeux du chat, riches en b√¢tonnets, permettent une sensibilit√© accrue en faible lumi√®re. Le tapetum lucidum r√©fl√©chit la lumi√®re non absorb√©e. Les mesures actim√©triques indiquent une augmentation de l'activit√© cr√©pusculaire sous √©clairage ambiant r√©duit. Introduction: La vision f√©line repr√©sente une adaptation remarquable aux environnements nocturnes. Mat√©riel et m√©thodes: Nous avons suivi 25 chats domestiques (Felis catus) pendant 12 semaines avec des colliers actim√©triques et des cam√©ras infrarouges. R√©sultats: La densit√© de b√¢tonnets atteint 450,000 cellules/mm2 dans la zone centrale, soit 25 fois plus que chez l'humain. Le tapetum lucidum augmente la sensibilit√© d'un facteur 6 par r√©flexion des photons. Discussion: Ces adaptations expliquent pourquoi les chats sont particuli√®rement actifs au cr√©puscule et √† l'aube.",fr,Q. Michel,Chronobiologie Appliqu√©e,2023-01-24,,normal,0.9042971134185791,0.893775463104248,0.9275408983230591,0.9057894349098206,38.72986049247736,0.021462639109697933,0
55,https://example.com/cat_light_10000/?utm_source=newsletter&utm_campaign=research&ref=cats&article_id=10000,Influence de la light sur le sommeil du cat,Nous analysons le r√¥le de la lumi√®re sur la perception visuelle et comportementale du chat en utilisant des mesures comportementales et √©lectrophysiologiques combin√©es.,"Des enregistrements polysomnographiques montrent une r√©duction du sommeil paradoxal apr√®s exposition √† la lumi√®re bleue le soir, avec une r√©cup√©ration partielle apr√®s 48 h d'obscurit√© contr√¥l√©e. Introduction: Le sommeil f√©lin comprend plusieurs phases dont le sommeil paradoxal (REM) est crucial. Protocole exp√©rimental: Huit chats adultes ont port√© des √©lectrodes EEG non invasives. Groupe contr√¥le: obscurit√© compl√®te apr√®s 20h. Groupe test: exposition √† lumi√®re bleue (470nm, 100 lux) de 20h √† 23h. R√©sultats quantitatifs: Le groupe test montre une r√©duction de 35% du temps en REM la premi√®re nuit (p=0.003), avec une latence d'endormissement augment√©e de 25 minutes. L'analyse spectrale r√©v√®le une suppression des ondes th√™ta (4-8 Hz). R√©cup√©ration: Apr√®s 48h d'obscurit√©, le sommeil REM revient √† 85% du niveau basal. Conclusion: La lumi√®re bleue perturbe significativement l'architecture du sommeil f√©lin.",mixed,H. Simon,Sciences du Vivant,2019-12-24,10.1234/cats.2377.10000,multilingual,0.9443007707595825,0.915470540523529,0.9016842842102051,0.9271284341812134,28.50569068336974,0.0207037643207856,0
56,https://testsite.net/cat_light_89?utm_source=direct&utm_medium=social&utm_campaign=testA,Impact de l'√©clairage artificiel sur le bien-√™tre du chat,"Le tapetum lucidum, structure r√©flective situ√©e derri√®re la r√©tine f√©line, augmente la sensibilit√© lumineuse d'un facteur six. Cette √©tude examine sa composition biochimique et son efficacit√© spectrale.","Les yeux du chat, riches en b√¢tonnets, permettent une sensibilit√© accrue en faible lumi√®re. Le tapetum lucidum r√©fl√©chit la lumi√®re non absorb√©e. Les mesures actim√©triques indiquent une augmentation de l'activit√© cr√©pusculaire sous √©clairage ambiant r√©duit. Introduction: La vision f√©line repr√©sente une adaptation remarquable aux environnements nocturnes. Mat√©riel et m√©thodes: Nous avons suivi 25 chats domestiques (Felis catus) pendant 12 semaines avec des colliers actim√©triques et des cam√©ras infrarouges. R√©sultats: La densit√© de b√¢tonnets atteint 450,000 cellules/mm2 dans la zone centrale, soit 25 fois plus que chez l'humain. Le tapetum lucidum augmente la sensibilit√© d'un facteur 6 par r√©flexion des photons. Discussion: Ces adaptations expliquent pourquoi les chats sont particuli√®rement actifs au cr√©puscule et √† l'aube.",fr,M. Moreau,Comportement des Mammif√®res,2023-09-12,,normal,0.9356186389923096,0.8787035942077637,0.9275408983230591,0.9169285893440247,34.60426959241622,0.020842379504993486,0
57,https://example.com/cat_light_16/?utm_medium=referral,Sensibilit√© spectrale et perception color√©e chez Felis catus,"Les chats pr√©sentent une sensibilit√© spectrale maximale autour de 500 nm, avec une vision dichromatique limit√©e. Nous explorons comment cette perception color√©e influence le comportement de chasse.","Les yeux du chat, riches en b√¢tonnets, permettent une sensibilit√© accrue en faible lumi√®re. Le tapetum lucidum r√©fl√©chit la lumi√®re non absorb√©e. Les mesures actim√©triques indiquent une augmentation de l'activit√© cr√©pusculaire sous √©clairage ambiant r√©duit. Introduction: La vision f√©line repr√©sente une adaptation remarquable aux environnements nocturnes. Mat√©riel et m√©thodes: Nous avons suivi 25 chats domestiques (Felis catus) pendant 12 semaines avec des colliers actim√©triques et des cam√©ras infrarouges. R√©sultats: La densit√© de b√¢tonnets atteint 450,000 cellules/mm2 dans la zone centrale, soit 25 fois plus que chez l'humain. Le tapetum lucidum augmente la sensibilit√© d'un facteur 6 par r√©flexion des photons. Discussion: Ces adaptations expliquent pourquoi les chats sont particuli√®rement actifs au cr√©puscule et √† l'aube.",fr,G. Thomas,Comportement et Adaptation,2022-03-19,,normal,0.9074081182479858,0.9119725227355957,0.9275408983230591,0.9128040075302124,34.29118725571835,0.019075302025615408,-1
58,http://example.com/cat_light_161/?utm_source=social,Influence de la lumi√®re sur le sommeil du chat,Les m√©canismes d'adaptation lumineuse chez le chat impliquent des ajustements pupillaires rapides et une modulation de la sensibilit√© r√©tinienne sur plusieurs √©chelles temporelles.,"Le tapetum lucidum, structure multicouche situ√©e dans le fond de l'≈ìil, fonctionne comme un miroir biologique. Compos√© de cellules contenant des cristaux de riboflavine et de zinc, il r√©fl√©chit s√©lectivement les longueurs d'onde entre 450 et 550 nm. Mesures spectrophotom√©triques: l'efficacit√© de r√©flexion atteint 90% dans le pic de sensibilit√© des b√¢tonnets. Cette adaptation double effectivement la probabilit√© qu'un photon soit capt√©. Effet secondaire: la diffusion lumineuse r√©duit l√©g√®rement l'acuit√© visuelle. Les chats voient donc moins net que les humains en plein jour (acuit√©: 20/100 vs 20/20), mais cette perte est n√©gligeable dans leur niche √©cologique cr√©pusculaire. Variations individuelles: la couleur du reflet (vert, jaune, orange) d√©pend de la composition exacte du tapetum et peut servir d'identification.",fr,L. Dubois,Journal Fran√ßais de Neurosciences,2025-07-03,,normal,0.9469966888427734,0.9010274410247803,0.8860095739364624,0.9210085272789001,30.436848995445185,0.01818316209623771,-1
59,https://example.com/cat_light_114?utm_source=direct&utm_medium=social&tracking=true,Effet de la lumi√®re bleue sur l'activit√© nocturne f√©line,"Nous rapportons les premiers enregistrements √©lectror√©tinographiques haute r√©solution chez des chats expos√©s √† diff√©rents spectres lumineux, r√©v√©lant des r√©ponses diff√©rentielles selon la longueur d'onde.","La phototransduction f√©line s'adapte rapidement aux transitions clair-obscur. Nous observons une modulation du rythme circadien sous √©clairage LED, notamment en pr√©sence de spectres bleus (‚âà470 nm). Contexte: L'√©clairage artificiel moderne peut perturber les rythmes biologiques naturels des f√©lins. M√©thodologie: Dix chats ont √©t√© expos√©s √† trois conditions lumineuses: lumi√®re naturelle, LED blanc chaud (3000K), et LED blanc froid (6500K). Des pr√©l√®vements sanguins horaires ont quantifi√© la m√©latonine. Observations: L'exposition aux LED froides retarde la s√©cr√©tion de m√©latonine de 90 minutes en moyenne. Les enregistrements comportementaux montrent un d√©calage significatif des pics d'activit√© (p<0.001). Implications: Les propri√©taires devraient privil√©gier un √©clairage chaud le soir pour respecter le cycle naturel.",fr,L. Dupont,Chronobiologie Appliqu√©e,2023-08-04,,normal,0.9376615285873413,0.8959239721298218,0.9196649789810181,0.9215409755706787,36.36675169471413,0.024691358024691357,0
